"FileName","RelativePath","SectionCount","Sections"
".editorconfig.md","S:\Git\CSharpProjects\RNGNewAuraNotifier\reviews\results\.editorconfig.md","13","概要, 設定の分析, 全般設定, 特定ファイルタイプの設定, C#固有の設定, 改善提案, 1. 追加すべきC#設定, 2. その他のファイルタイプの追加, 3. コード分析設定の追加, セキュリティ上の考慮事項, パフォーマンスへの影響, 推奨事項, まとめ"
".gitattributes.md","S:\Git\CSharpProjects\RNGNewAuraNotifier\reviews\results\.gitattributes.md","17","概要, 現在の設定, 基本設定, 改善が必要な領域, 1. C#ファイルのdiff設定, 2. バイナリファイルの設定, 3. テキストファイルの正規化, 4. プロジェクトファイルの設定, 5. ドキュメントフォーマット, セキュリティ上の考慮事項, 1. 機密ファイルの保護, 2. 設定ファイルの取り扱い, パフォーマンスの最適化, 1. 大きなファイルの処理, 2. リポジトリ統計の最適化, 改善提案の要約, まとめ"
".github-workflows-ci.yml.md","S:\Git\CSharpProjects\RNGNewAuraNotifier\reviews\results\.github-workflows-ci.yml.md","16","概要, 現在の設定の分析, トリガー設定, ジョブ設定, ビルドステップ, 改善提案, 1. トリガー設定の拡張, 2. 環境設定の強化, 3. キャッシュの追加, 4. テストの追加, 5. コード品質チェックの強化, 6. セキュリティスキャン, セキュリティ上の考慮事項, パフォーマンスの最適化, 推奨事項, まとめ"
".github-workflows-release.yml.md","S:\Git\CSharpProjects\RNGNewAuraNotifier\reviews\results\.github-workflows-release.yml.md","13","概要, 現在の設定の分析, トリガー設定, バージョンバンプジョブ, 改善提案, 1. トリガー設定の拡張, 2. バージョン管理の強化, 3. ビルドとテストの強化, 4. リリースの作成と成果物の公開, セキュリティ上の考慮事項, パフォーマンスの最適化, 推奨事項, まとめ"
".github-workflows-review.yml.md","S:\Git\CSharpProjects\RNGNewAuraNotifier\reviews\results\.github-workflows-review.yml.md","11","概要, 現在の設定の分析, レビューワークフロー（review.yml）, レビュー設定（review-config.yml）, 改善提案, 1. レビューワークフローの拡張, 2. レビュー設定の強化, セキュリティ上の考慮事項, パフォーマンスの最適化, 推奨事項, まとめ"
".gitignore.md","S:\Git\CSharpProjects\RNGNewAuraNotifier\reviews\results\.gitignore.md","15","概要, 設定の分析, ユーザー固有のファイル, ビルド成果物, Visual Studio関連ファイル, 推奨される追加設定, 1. 開発環境固有の設定, 2. .NETプロジェクト固有の設定, 3. アプリケーション固有の設定, 4. OS固有の設定, 改善提案, セキュリティ上の考慮事項, パフォーマンスへの影響, 推奨事項, まとめ"
".vscode-settings.json.md","S:\Git\CSharpProjects\RNGNewAuraNotifier\reviews\results\.vscode-settings.json.md","15","概要, 現在の設定の分析, 基本設定, エディタ設定, ファイルタイプ別設定, C#固有の設定, 改善提案, 1. C#開発環境の拡張, 2. コード分析と品質, 3. エディタの視覚的改善, 4. 言語固有の追加設定, セキュリティに関する考慮事項, パフォーマンスの最適化, 推奨事項, まとめ"
"LICENSE.md","S:\Git\CSharpProjects\RNGNewAuraNotifier\reviews\results\LICENSE.md","8","概要, レビュー内容, ライセンスの適切性, 改善提案, ライセンス, セキュリティ, パフォーマンス, 結論"
"project.md","S:\Git\CSharpProjects\RNGNewAuraNotifier\reviews\results\project.md","22","プロジェクト概要, アーキテクチャと設計, 全体構造, 設計パターン, コード品質の評価, 強み, 改善点, 主要なコンポーネントの評価, コアロジック, 通知サービス, UI, アップデータ, セキュリティ評価, 潜在的なリスク, 改善提案, パフォーマンス評価, 潜在的なボトルネック, 改善提案, 保守性と拡張性の評価, 現状の課題, 改善提案, まとめと総合評価"
"README.md.md","S:\Git\CSharpProjects\RNGNewAuraNotifier\reviews\results\README.md.md","13","概要, 問題点, 改善案, 機能, インストール方法, 設定方法, システム要件, スクリーンショット, ライセンス, 貢献, 推奨事項, セキュリティの考慮事項, コミュニティガイドライン"
"renovate.json.md","S:\Git\CSharpProjects\RNGNewAuraNotifier\reviews\results\renovate.json.md","8","概要, レビュー内容, 設計と構造, 機能性, 改善提案, セキュリティ, パフォーマンス, 結論"
"RNGNewAuraNotifier-RNGNewAuraNotifier.csproj.md","S:\Git\CSharpProjects\RNGNewAuraNotifier\reviews\results\RNGNewAuraNotifier-RNGNewAuraNotifier.csproj.md","15","概要, 現在の設定の分析, プロジェクト基本設定, ビルド設定, パッケージ参照, 改善提案, 1. 共通プロパティの集中管理, 2. ビルド最適化, 3. 多言語サポート, 4. セキュリティ設定, 5. パッケージ管理の改善, セキュリティ上の考慮事項, パフォーマンスの最適化, 推奨事項, まとめ"
"RNGNewAuraNotifier.sln.md","S:\Git\CSharpProjects\RNGNewAuraNotifier\reviews\results\RNGNewAuraNotifier.sln.md","13","概要, 現在の設定の分析, ソリューション情報, プロジェクト構成, ビルド設定, 改善提案, 1. プロジェクト構造の改善, 2. ソリューションフォルダの追加, 3. 追加のプロジェクト, セキュリティ上の考慮事項, パフォーマンスの最適化, 推奨事項, まとめ"
"stylecop.json.md","S:\Git\CSharpProjects\RNGNewAuraNotifier\reviews\results\stylecop.json.md","13","概要, 設定の分析, ドキュメンテーションルール, レイアウトルール, 並び順ルール, 命名規則, インデントルール, 読みやすさルール, 改善提案, セキュリティ上の考慮事項, パフォーマンスへの影響, 推奨事項, まとめ"
"review-config.yml.md","S:\Git\CSharpProjects\RNGNewAuraNotifier\reviews\results\.github\review-config.yml.md","8","概要, レビュー内容, 設計と構造, 機能性, 改善提案, セキュリティ, パフォーマンス, 結論"
"ci.yml.md","S:\Git\CSharpProjects\RNGNewAuraNotifier\reviews\results\.github\workflows\ci.yml.md","8","概要, レビュー内容, 設計と構造, 機能性, 改善提案, セキュリティ, パフォーマンス, 結論"
"release.yml.md","S:\Git\CSharpProjects\RNGNewAuraNotifier\reviews\results\.github\workflows\release.yml.md","13","概要, レビュー内容, 設計と構造, 機能性, バージョンバンプジョブ (`bump-version`), ビルド・リリースジョブ (`build-and-release`), 改善提案, 変更内容, インストール方法, 既知の問題, セキュリティ, パフォーマンス, 結論"
"review.yml.md","S:\Git\CSharpProjects\RNGNewAuraNotifier\reviews\results\.github\workflows\review.yml.md","9","概要, レビュー内容, 設計と構造, 機能性, 関連ファイル（`.github/review-config.yml`）, 改善提案, セキュリティ, パフォーマンス, 結論"
"settings.json.md","S:\Git\CSharpProjects\RNGNewAuraNotifier\reviews\results\.vscode\settings.json.md","13","概要, レビュー内容, 設計と構造, 機能性, 基本設定, インデント設定, ファイルタイプ別の設定, C# 関連の設定, その他の設定, 改善提案, セキュリティ, パフォーマンス, 結論"
"Program.cs.md","S:\Git\CSharpProjects\RNGNewAuraNotifier\reviews\results\RNGNewAuraNotifier\Program.cs.md","7","概要, 良い点, 問題点, 改善案, セキュリティの考慮事項, パフォーマンスの考慮事項, 総評"
"RNGNewAuraNotifier.csproj.md","S:\Git\CSharpProjects\RNGNewAuraNotifier\reviews\results\RNGNewAuraNotifier\RNGNewAuraNotifier.csproj.md","10","概要, 良い点, 改善点, 1. バージョン管理, 2. リソース管理, 3. AllowUnsafeBlocksの必要性, 4. 国際化対応, 5. 依存パッケージのバージョン固定, 推奨される改善策, 結論"
"AppConstants.cs.md","S:\Git\CSharpProjects\RNGNewAuraNotifier\reviews\results\RNGNewAuraNotifier\Core\AppConstants.cs.md","11","概要, 良い点, 改善点, 1. 重複コードの削減, 2. 定数とリテラルの使い分け, 3. グローバルな設定値との分離, 4. 拡張性の考慮, 5. 環境変数やコンフィグファイルからの値の取得, セキュリティの考慮事項, パフォーマンスの考慮事項, 総評"
"RNGNewAuraController.cs.md","S:\Git\CSharpProjects\RNGNewAuraNotifier\reviews\results\RNGNewAuraNotifier\Core\RNGNewAuraController.cs.md","7","概要, 良い点, 問題点, 改善案, セキュリティの考慮事項, パフォーマンスの考慮事項, 総評"
"Aura.cs.md","S:\Git\CSharpProjects\RNGNewAuraNotifier\reviews\results\RNGNewAuraNotifier\Core\Aura\Aura.cs.md","7","概要, 良い点, 問題点, 改善案, セキュリティの考慮事項, パフォーマンスの考慮事項, 総評"
"NewAuraDetectionService.cs.md","S:\Git\CSharpProjects\RNGNewAuraNotifier\reviews\results\RNGNewAuraNotifier\Core\Aura\NewAuraDetectionService.cs.md","7","概要, 良い点, 問題点, 改善案, セキュリティの考慮事項, パフォーマンスの考慮事項, 総評"
"AppConfig.cs.md","S:\Git\CSharpProjects\RNGNewAuraNotifier\reviews\results\RNGNewAuraNotifier\Core\Config\AppConfig.cs.md","14","概要, 良い点, 問題点, 改善案, セキュリティの考慮事項, パフォーマンスの考慮事項, 総評, 概要, 良い点, 問題点, 改善案, セキュリティの考慮事項, パフォーマンスの考慮事項, 総評"
"ConfigData.cs.md","S:\Git\CSharpProjects\RNGNewAuraNotifier\reviews\results\RNGNewAuraNotifier\Core\Config\ConfigData.cs.md","9","概要, レビュー内容, 設計と構造, コーディング規約, 機能性, 改善提案, セキュリティ, パフォーマンス, 結論"
"JsonData.cs.md","S:\Git\CSharpProjects\RNGNewAuraNotifier\reviews\results\RNGNewAuraNotifier\Core\Json\JsonData.cs.md","11","概要, 良い点, 問題点と改善提案, 1. シングルトンパターンの欠如, 2. 非同期メソッドの実装と例外処理, 3. ハードコードされたパス, 4. ロギングの改善, 5. ユニットテストの容易化, セキュリティの考慮事項, パフォーマンスの考慮事項, 総合評価"
"JsonUpdateService.cs.md","S:\Git\CSharpProjects\RNGNewAuraNotifier\reviews\results\RNGNewAuraNotifier\Core\Json\JsonUpdateService.cs.md","11","概要, 良い点, 問題点と改善提案, 1. HttpClientの不適切な使用, 2. 非同期メソッドの命名規則, 3. エラーハンドリングの改善, 4. ハードコードされたパス, 5. ConfigureAwaitの一貫性, セキュリティの考慮事項, パフォーマンスの考慮事項, 総合評価"
"DiscordNotificationService.cs.md","S:\Git\CSharpProjects\RNGNewAuraNotifier\reviews\results\RNGNewAuraNotifier\Core\Notification\DiscordNotificationService.cs.md","7","概要, 良い点, 問題点, 改善案, セキュリティの考慮事項, パフォーマンスの考慮事項, 総評"
"UwpNotificationService.cs.md","S:\Git\CSharpProjects\RNGNewAuraNotifier\reviews\results\RNGNewAuraNotifier\Core\Notification\UwpNotificationService.cs.md","7","概要, 良い点, 問題点, 改善案, セキュリティの考慮事項, パフォーマンスの考慮事項, 総評"
"GitHubReleaseService.cs.md","S:\Git\CSharpProjects\RNGNewAuraNotifier\reviews\results\RNGNewAuraNotifier\Core\Updater\GitHubReleaseService.cs.md","12","概要, 良い点, 改善点, 1. エラーハンドリングの強化, 2. リトライ機能の追加, 3. キャンセレーションサポート, 4. HTTPクライアントの設定強化, 5. ログ機能の追加, 6. GitHub REST APIのラッパーライブラリの使用, セキュリティの考慮事項, パフォーマンスの考慮事項, 総評"
"ReleaseInfo.cs.md","S:\Git\CSharpProjects\RNGNewAuraNotifier\reviews\results\RNGNewAuraNotifier\Core\Updater\ReleaseInfo.cs.md","11","概要, 良い点, 改善点, 1. コード重複, 2. 入力検証の追加, 3. プロパティの追加, 4. Equalsの実装, 5. ToString()の実装, セキュリティの考慮事項, パフォーマンスの考慮事項, 総評"
"SemanticVersion.cs.md","S:\Git\CSharpProjects\RNGNewAuraNotifier\reviews\results\RNGNewAuraNotifier\Core\Updater\SemanticVersion.cs.md","11","概要, 良い点, 改善点, 1. コード重複, 2. 完全なセマンティックバージョニング仕様への対応, 3. 等価性の実装, 4. TryParseメソッドの追加, 5. 文字列形式の柔軟性向上, セキュリティの考慮事項, パフォーマンスの考慮事項, 総評"
"UpdateChecker.cs.md","S:\Git\CSharpProjects\RNGNewAuraNotifier\reviews\results\RNGNewAuraNotifier\Core\Updater\UpdateChecker.cs.md","6","概要, 良い点, 改善点, セキュリティとパフォーマンス, 推奨事項, 結論"
"AuthenticatedDetectionService.cs.md","S:\Git\CSharpProjects\RNGNewAuraNotifier\reviews\results\RNGNewAuraNotifier\Core\VRChat\AuthenticatedDetectionService.cs.md","11","概要, 良い点, 問題点と改善提案, 1. イベントハンドラの初期化, 2. リソース解放の欠如, 3. ログ出力の改善, 4. 正規表現の堅牢性, 5. 例外処理の欠如, セキュリティの考慮事項, パフォーマンスの考慮事項, 総合評価"
"LogWatcher.cs.md","S:\Git\CSharpProjects\RNGNewAuraNotifier\reviews\results\RNGNewAuraNotifier\Core\VRChat\LogWatcher.cs.md","7","概要, 良い点, 問題点, 改善案, セキュリティの考慮事項, パフォーマンスの考慮事項, 総評"
"VRChatUser.cs.md","S:\Git\CSharpProjects\RNGNewAuraNotifier\reviews\results\RNGNewAuraNotifier\Core\VRChat\VRChatUser.cs.md","11","概要, 良い点, 問題点と改善提案, 1. 等価性実装の重複, 2. カスタム等価性が必要な場合, 3. 追加のバリデーション, 4. インターフェースの導入, 5. ToString()メソッドのオーバーライド, セキュリティの考慮事項, パフォーマンスの考慮事項, 総合評価"
"launchSettings.json.md","S:\Git\CSharpProjects\RNGNewAuraNotifier\reviews\results\RNGNewAuraNotifier\Properties\launchSettings.json.md","8","概要, レビュー内容, 設計と構造, 機能性, 改善提案, セキュリティ, パフォーマンス, 結論"
"Resources.Designer.cs.md","S:\Git\CSharpProjects\RNGNewAuraNotifier\reviews\results\RNGNewAuraNotifier\Properties\Resources.Designer.cs.md","9","概要, レビュー内容, 設計と構造, 機能性, コード品質, 改善提案, セキュリティ, パフォーマンス, 結論"
"Resources.resx.md","S:\Git\CSharpProjects\RNGNewAuraNotifier\reviews\results\RNGNewAuraNotifier\Properties\Resources.resx.md","12","概要, レビュー内容, `Resources.resx`, 設計と構造, 機能性, `Resources.Designer.cs`, 設計と構造, 機能性, 改善提案, セキュリティ, パフォーマンス, 結論"
"Publish.pubxml.md","S:\Git\CSharpProjects\RNGNewAuraNotifier\reviews\results\RNGNewAuraNotifier\Properties\PublishProfiles\Publish.pubxml.md","10","概要, レビュー内容, 共通の設定, 設計と構造, 発行設定, RNGNewAuraNotifier固有の設定, 改善提案, セキュリティ, パフォーマンス, 結論"
"AppIcon.ico.md","S:\Git\CSharpProjects\RNGNewAuraNotifier\reviews\results\RNGNewAuraNotifier\Resources\AppIcon.ico.md","8","概要, レビュー内容, デザインと品質, 技術的側面, 改善提案, セキュリティ, パフォーマンス, 結論"
"Auras.json.md","S:\Git\CSharpProjects\RNGNewAuraNotifier\reviews\results\RNGNewAuraNotifier\Resources\Auras.json.md","8","概要, レビュー内容, 設計と構造, データの品質, 改善提案, セキュリティ, パフォーマンス, 結論"
"SettingsForm.cs.md","S:\Git\CSharpProjects\RNGNewAuraNotifier\reviews\results\RNGNewAuraNotifier\UI\Settings\SettingsForm.cs.md","11","概要, 良い点, 問題点と改善提案, 1. リソース解放の改善, 2. ハードコードされた依存関係, 3. 設定値のバリデーション, 4. UIスレッドの考慮, 5. 国際化対応, セキュリティの考慮事項, パフォーマンスの考慮事項, 総合評価"
"SettingsForm.Designer.cs.md","S:\Git\CSharpProjects\RNGNewAuraNotifier\reviews\results\RNGNewAuraNotifier\UI\Settings\SettingsForm.Designer.cs.md","9","概要, レビュー内容, 設計と構造, UI設計, イベントハンドリング, 改善提案, セキュリティ, パフォーマンス, 結論"
"SettingsForm.resx.md","S:\Git\CSharpProjects\RNGNewAuraNotifier\reviews\results\RNGNewAuraNotifier\UI\Settings\SettingsForm.resx.md","8","概要, レビュー内容, 設計と構造, リソース内容, 改善提案, セキュリティ, パフォーマンス, 結論"
"TrayIcon.cs.md","S:\Git\CSharpProjects\RNGNewAuraNotifier\reviews\results\RNGNewAuraNotifier\UI\TrayIcon\TrayIcon.cs.md","11","概要, 良い点, 問題点と改善提案, 1. フィールドの初期化, 2. リソース解放の改善, 3. ヌルチェックの一貫性, 4. トレイアイコンのメニュー項目の国際化, 5. 依存性の注入, セキュリティの考慮事項, パフォーマンスの考慮事項, 総合評価"
"Program.cs.md","S:\Git\CSharpProjects\RNGNewAuraNotifier\reviews\results\RNGNewAuraNotifier.Updater\Program.cs.md","11","概要, 良い点, 問題点と改善提案, 1. コードの分割と単一責任原則, 2. エラーメッセージの改善, 3. ログ出力の改善, 4. バージョン確認の欠如, 5. 依存性の注入, セキュリティの考慮事項, パフォーマンスの考慮事項, 総合評価"
"RNGNewAuraNotifier.Updater.csproj.md","S:\Git\CSharpProjects\RNGNewAuraNotifier\reviews\results\RNGNewAuraNotifier.Updater\RNGNewAuraNotifier.Updater.csproj.md","9","概要, 良い点, 改善点, 1. バージョン管理, 2. AllowUnsafeBlocksの必要性, 3. 依存関係の最小化, 4. ターゲットフレームワークの選択, 推奨される改善策, 結論"
"AppConstants.cs.md","S:\Git\CSharpProjects\RNGNewAuraNotifier\reviews\results\RNGNewAuraNotifier.Updater\Core\AppConstants.cs.md","11","概要, 良い点, 改善点, 1. メインアプリケーションとの連携, 2. 重複コードの削減, 3. ビルドバージョン情報の追加, 4. アプリケーション固有の定数の追加, 5. 環境依存の値の取得方法改善, セキュリティの考慮事項, パフォーマンスの考慮事項, 総評"
"GitHubReleaseService.cs.md","S:\Git\CSharpProjects\RNGNewAuraNotifier\reviews\results\RNGNewAuraNotifier.Updater\Core\GitHubReleaseService.cs.md","11","概要, 良い点, 改善点, 1. エラーハンドリングの強化, 2. リトライ機能の追加, 3. キャンセレーションサポート, 4. HTTPクライアントの設定強化, 5. 進捗表示の改善, セキュリティの考慮事項, パフォーマンスの考慮事項, 総評"
"ReleaseInfo.cs.md","S:\Git\CSharpProjects\RNGNewAuraNotifier\reviews\results\RNGNewAuraNotifier.Updater\Core\ReleaseInfo.cs.md","11","概要, 良い点, 改善点, 1. コード重複, 2. 入力検証の追加, 3. プロパティの追加, 4. Equalsの実装, 5. ToString()の実装, セキュリティの考慮事項, パフォーマンスの考慮事項, 総評"
"SemanticVersion.cs.md","S:\Git\CSharpProjects\RNGNewAuraNotifier\reviews\results\RNGNewAuraNotifier.Updater\Core\SemanticVersion.cs.md","11","概要, 良い点, 改善点, 1. コード重複, 2. 完全なセマンティックバージョニング仕様への対応, 3. 等価性の実装, 4. TryParseメソッドの追加, 5. 文字列形式の柔軟性向上, セキュリティの考慮事項, パフォーマンスの考慮事項, 総評"
"UpdaterHelper.cs.md","S:\Git\CSharpProjects\RNGNewAuraNotifier\reviews\results\RNGNewAuraNotifier.Updater\Core\UpdaterHelper.cs.md","12","概要, 良い点, 改善点, 1. クラス名と説明の詳細化, 2. 設定値のカスタマイズ, 3. コンソール出力の改善, 4. ログ機能の改善, 5. ZIP展開の進捗状況, 6. リソース管理の強化, セキュリティの考慮事項, パフォーマンスの考慮事項, 総評"
"Publish.pubxml.md","S:\Git\CSharpProjects\RNGNewAuraNotifier\reviews\results\RNGNewAuraNotifier.Updater\Properties\PublishProfiles\Publish.pubxml.md","8","概要, レビュー内容, 設計と構造, 発行設定, 改善提案, セキュリティ, パフォーマンス, 結論"
